,Start,End
0,2022-10-06 21:05:50.679882,2022-10-06 21:05:50
1,2022-10-06 21:05:51,2022-10-06 21:05:52
2,2022-10-06 21:05:52,2022-10-06 21:05:52
3,2022-10-06 21:05:53,2022-10-06 21:05:53
4,2022-10-06 21:05:53,2022-10-06 21:05:53
5,2022-10-06 21:05:53,2022-10-06 21:05:54
6,2022-10-06 21:05:54,2022-10-06 21:05:54
7,2022-10-06 21:05:54,2022-10-06 21:05:54
8,2022-10-06 21:05:54,2022-10-06 21:05:54
9,2022-10-06 21:05:55,2022-10-06 21:05:55
10,2022-10-06 21:05:55,2022-10-06 21:05:55
11,2022-10-06 21:05:55,2022-10-06 21:05:55
12,2022-10-06 21:05:55,2022-10-06 21:05:56
